<?xml version="1.0" encoding="UTF-8" standalone="yes"?>
<addon id="plugin.video.uplayhd"
       name="uPlayHD"
       version="1.1.4"
       provider-name="iClosedz (iClosedz.blogspot.com)">
  <requires>
    <import addon="xbmc.python" version="2.1.0"/>
    <import addon="script.module.xbmcswift2" version="2.4.0"/>
    <import addon="script.module.beautifulsoup" version="3.0.8"/>
    <import addon="script.module.simple.downloader" version="1.9.4"/>
  </requires>
  <extension point="xbmc.python.pluginsource" library="addon.py">
    <provides>video</provides>
  </extension>
  <extension point="xbmc.addon.metadata">
    <platform>all</platform>
    <language></language>
    <summary lang="en">uPlayHD</summary>
    <summary lang="th">uPlayHD</summary>
    <description lang="en">This Plugin provides access to TV Series, and you can download it. [CR]Contact, Bug Report: https://www.facebook.com/iClosedz</description>
    <description lang="th">ปลั๊กอินนี้ทำไว้สำหรับดูซีรี่ส์, ภาพยนตร์, กีฬา, การ์ตูน ออนไลน์แบบ HD หรือจะ Download เก็บไว้ดูก็ได้ [CR]แนะนำ ติชม แจ้งบัค ได้ที่: https://www.facebook.com/iClosedz</description>
  </extension>
</addon>
